{
  "session_id": "2025-03-01",
  "start_time": 1740816927.125128,
  "requests": [
    {
      "timestamp": 1740816927.125462,
      "provider": "openai",
      "model": "o1",
      "token_usage": {
        "prompt_tokens": 2080,
        "completion_tokens": 1075,
        "total_tokens": 3155,
        "reasoning_tokens": 384
      },
      "cost": 0.09570000000000001,
      "thinking_time": 14.021898984909058
    },
    {
      "timestamp": 1740817226.3291252,
      "provider": "openai",
      "model": "o1",
      "token_usage": {
        "prompt_tokens": 2003,
        "completion_tokens": 1390,
        "total_tokens": 3393,
        "reasoning_tokens": 1088
      },
      "cost": 0.113445,
      "thinking_time": 12.600183963775635
    },
    {
      "timestamp": 1740817435.0843399,
      "provider": "openai",
      "model": "o1",
      "token_usage": {
        "prompt_tokens": 2458,
        "completion_tokens": 1268,
        "total_tokens": 3726,
        "reasoning_tokens": 768
      },
      "cost": 0.11295000000000001,
      "thinking_time": 13.639379978179932
    }
  ],
  "summary": {
    "total_requests": 3,
    "total_prompt_tokens": 6541,
    "total_completion_tokens": 3733,
    "total_tokens": 10274,
    "total_cost": 0.322095,
    "total_thinking_time": 40.261462926864624,
    "provider_stats": {
      "openai": {
        "requests": 3,
        "total_tokens": 10274,
        "total_cost": 0.322095
      }
    },
    "session_duration": 507.95923495292664
  }
}