{
  "total_people": 145,
  "total_searches": 145,
  "total_urls_found": 969,
  "total_urls_scraped": 914,
  "total_files_saved": 2742,
  "start_time": 1740818042.6380239,
  "end_time": 1740819835.063943,
  "duration": 1792.4259190559387
}